index,orig_motif,perm_str,violated_covers,primary_label,GD_flag,Front_flag,BRE_flag,DCO_flag,APD_flag,Other_flag,num_flags
0,0,5 7 3 9 10 6 4 8 2 11 1,"(1,3);(1,4);(1,5);(6,7);(8,9)",GlobalDistortion,1,1,1,0,0,0,3
1,1,8 10 5 3 11 2 6 1 4 9 7,"(1,3);(1,5);(3,8);(4,8);(7,8);(9,10)",GlobalDistortion,1,1,1,1,0,0,4
2,2,11 8 7 4 10 3 1 6 9 2 5,"(1,3);(1,4);(3,8);(4,8);(5,6);(6,7);(7,8);(9,10);(10,11)",GlobalDistortion,1,1,1,1,0,0,4
3,3,11 1 3 7 5 9 4 10 6 2 8,"(6,7);(8,9);(10,11)",BlockReorderExtreme,0,0,1,0,1,0,2
4,4,7 3 5 8 6 10 9 4 1 2 11,"(1,3);(1,4);(1,5);(4,8);(6,7);(9,10)",GlobalDistortion,1,1,1,1,0,0,4
5,5,6 3 4 1 9 7 2 8 11 5 10,"(1,3);(1,4);(5,6);(8,9);(10,11)",GlobalDistortion,1,1,1,1,0,0,4
6,6,10 4 8 7 2 9 3 6 5 11 1,"(1,3);(1,4);(1,5);(3,8);(5,6);(6,7);(7,8);(9,10)",GlobalDistortion,1,1,1,1,0,0,4
7,7,1 5 3 8 9 11 2 4 7 10 6,"(4,8);(6,7);(7,8);(10,11)",GlobalDistortion,1,0,1,0,1,0,3
8,8,8 1 5 11 7 4 3 9 2 6 10,"(3,8);(4,8);(6,7);(7,8);(10,11)",GlobalDistortion,1,0,1,0,1,0,3
9,9,7 6 9 11 3 1 5 4 8 2 10,"(1,3);(5,6);(6,7);(8,9);(10,11)",GlobalDistortion,1,1,1,1,0,0,4
10,10,10 3 1 7 9 5 6 2 8 4 11,"(1,3);(4,8);(6,7);(8,9);(9,10)",GlobalDistortion,1,1,1,1,0,0,4
11,11,6 4 2 11 7 9 3 5 1 10 8,"(1,3);(1,4);(1,5);(5,6);(8,9);(10,11)",GlobalDistortion,1,1,1,1,0,0,4
12,12,3 6 4 7 11 10 5 8 2 9 1,"(1,3);(1,4);(1,5);(5,6);(9,10);(10,11)",GlobalDistortion,1,1,1,1,0,0,4
13,13,1 3 5 10 7 9 2 6 11 4 8,"(6,7);(8,9);(9,10)",BlockReorderExtreme,0,0,1,0,1,0,2
14,14,6 9 4 5 3 1 10 2 11 8 7,"(1,3);(1,4);(1,5);(5,6);(7,8);(8,9)",GlobalDistortion,1,1,1,0,0,0,3
15,15,6 10 4 3 5 7 8 11 2 1 9,"(1,3);(1,4);(1,5);(5,6);(9,10)",GlobalDistortion,1,1,1,1,0,0,4
16,16,9 2 1 8 6 11 5 3 7 10 4,"(3,8);(4,8);(5,6);(7,8);(8,9);(10,11)",GlobalDistortion,1,0,1,0,1,0,3
17,17,8 1 7 4 5 10 3 11 9 2 6,"(3,8);(4,8);(6,7);(7,8);(9,10)",GlobalDistortion,1,0,1,0,1,0,3
18,18,9 3 4 5 7 6 2 11 8 10 1,"(1,3);(1,4);(1,5);(6,7);(8,9);(10,11)",GlobalDistortion,1,1,1,1,0,0,4
19,19,7 4 2 5 8 11 9 10 3 1 6,"(1,3);(1,4);(1,5);(3,8);(6,7);(10,11)",GlobalDistortion,1,1,1,1,0,0,4
20,20,3 8 5 2 6 4 10 7 9 11 1,"(1,3);(1,4);(1,5);(4,8);(7,8);(9,10)",GlobalDistortion,1,1,1,1,0,0,4
21,21,7 3 8 5 1 9 4 11 2 6 10,"(1,3);(1,5);(4,8);(6,7);(10,11)",GlobalDistortion,1,1,1,1,0,0,4
22,22,7 1 9 6 3 2 8 11 10 5 4,"(4,8);(5,6);(6,7);(8,9);(10,11)",GlobalDistortion,1,0,1,0,1,0,3
23,23,3 5 11 6 10 4 8 2 9 7 1,"(1,3);(1,4);(1,5);(7,8);(9,10);(10,11)",GlobalDistortion,1,1,1,1,0,0,4
24,24,6 9 3 7 8 5 1 11 4 2 10,"(1,3);(1,5);(4,8);(5,6);(8,9);(10,11)",GlobalDistortion,1,1,1,1,0,0,4
25,25,6 2 11 1 3 8 7 4 10 5 9,"(4,8);(5,6);(7,8);(9,10);(10,11)",GlobalDistortion,1,0,1,0,1,0,3
26,26,9 11 6 3 2 7 8 5 10 1 4,"(1,3);(1,5);(4,8);(5,6);(8,9);(10,11)",GlobalDistortion,1,1,1,1,0,0,4
27,27,6 5 3 11 7 10 4 9 2 1 8,"(1,3);(1,4);(1,5);(5,6);(8,9);(9,10);(10,11)",GlobalDistortion,1,1,1,1,0,0,4
28,28,3 10 8 6 7 2 9 11 5 4 1,"(1,3);(1,4);(1,5);(4,8);(5,6);(7,8);(9,10)",GlobalDistortion,1,1,1,1,0,0,4
29,29,6 5 4 7 2 1 11 8 10 3 9,"(1,4);(1,5);(3,8);(5,6);(9,10);(10,11)",GlobalDistortion,1,1,1,1,0,0,4
30,30,7 10 5 11 9 3 8 1 6 2 4,"(1,3);(1,5);(4,8);(6,7);(8,9);(9,10)",GlobalDistortion,1,1,1,1,0,0,4
31,31,6 11 2 8 5 3 7 9 1 10 4,"(1,3);(1,5);(3,8);(4,8);(5,6);(7,8);(10,11)",GlobalDistortion,1,1,1,1,0,0,4
32,32,11 2 5 9 8 7 3 10 6 1 4,"(1,3);(1,5);(3,8);(4,8);(6,7);(7,8);(8,9);(10,11)",GlobalDistortion,1,1,1,1,0,0,4
33,33,1 11 7 6 3 5 9 8 4 2 10,"(4,8);(5,6);(6,7);(8,9);(10,11)",GlobalDistortion,1,0,1,0,1,0,3
34,34,9 1 4 10 2 7 5 11 6 3 8,"(6,7);(8,9)",BlockReorderExtreme,0,0,1,0,1,0,2
35,35,10 5 3 8 4 6 9 2 7 11 1,"(1,3);(1,4);(1,5);(4,8);(7,8);(9,10)",GlobalDistortion,1,1,1,1,0,0,4
36,36,5 1 4 3 6 2 9 11 10 7 8,"(1,5);(8,9);(10,11)",FrontEndMove,0,1,1,1,0,0,3
37,37,4 1 7 5 9 10 8 2 11 3 6,"(1,4);(3,8);(6,7);(8,9)",GlobalDistortion,1,1,1,0,0,0,3
38,38,5 7 2 4 3 8 11 9 1 10 6,"(1,3);(1,4);(1,5);(6,7);(10,11)",GlobalDistortion,1,1,1,1,0,0,4
39,39,8 3 9 1 11 4 2 7 6 10 5,"(1,3);(3,8);(4,8);(5,6);(6,7);(7,8);(10,11)",GlobalDistortion,1,1,1,1,0,0,4
40,40,4 5 9 3 8 1 11 7 6 10 2,"(1,3);(1,4);(1,5);(6,7);(7,8);(8,9);(10,11)",GlobalDistortion,1,1,1,1,0,0,4
41,41,11 9 2 1 3 8 4 6 10 5 7,"(4,8);(5,6);(7,8);(8,9);(10,11)",GlobalDistortion,1,0,1,0,1,0,3
42,42,4 7 6 2 11 5 8 10 3 9 1,"(1,3);(1,4);(1,5);(3,8);(5,6);(6,7);(9,10);(10,11)",GlobalDistortion,1,1,1,1,0,0,4
43,43,3 6 8 11 4 1 7 10 2 9 5,"(1,3);(1,4);(4,8);(5,6);(7,8);(9,10);(10,11)",GlobalDistortion,1,1,1,1,0,0,4
44,44,3 9 7 1 10 4 2 11 6 8 5,"(1,3);(5,6);(6,7);(8,9)",GlobalDistortion,1,1,1,0,0,0,3
45,45,1 2 9 8 3 7 5 11 10 6 4,"(3,8);(4,8);(6,7);(7,8);(8,9);(10,11)",GlobalDistortion,1,0,1,0,1,0,3
46,46,1 6 4 9 7 11 10 3 8 2 5,"(5,6);(8,9);(10,11)",BlockReorderExtreme,0,0,1,0,1,0,2
47,47,7 9 8 6 1 3 11 5 10 4 2,"(3,8);(4,8);(5,6);(6,7);(8,9);(10,11)",GlobalDistortion,1,0,1,0,1,0,3
48,48,5 3 2 10 9 6 11 7 4 8 1,"(1,3);(1,4);(1,5);(8,9);(9,10)",GlobalDistortion,1,1,1,1,0,0,4
49,49,10 9 2 11 8 3 6 4 1 5 7,"(1,3);(1,4);(3,8);(4,8);(5,6);(7,8);(8,9);(9,10)",GlobalDistortion,1,1,1,1,0,0,4
50,50,11 5 3 10 7 4 6 8 1 9 2,"(1,3);(1,4);(1,5);(6,7);(9,10);(10,11)",GlobalDistortion,1,1,1,1,0,0,4
51,51,4 1 2 5 3 7 11 10 9 6 8,"(1,4);(6,7);(8,9);(9,10);(10,11)",GlobalDistortion,1,1,1,1,0,0,4
52,52,8 3 6 7 10 1 5 4 11 2 9,"(1,3);(3,8);(4,8);(5,6);(7,8);(9,10)",GlobalDistortion,1,1,1,1,0,0,4
53,53,5 4 3 9 2 10 11 8 7 6 1,"(1,3);(1,4);(1,5);(6,7);(7,8);(8,9)",GlobalDistortion,1,1,1,0,0,0,3
54,54,5 11 10 7 2 6 1 9 4 3 8,"(1,5);(6,7);(8,9);(9,10);(10,11)",GlobalDistortion,1,1,1,1,0,0,4
55,55,10 5 6 3 4 2 11 8 7 1 9,"(1,3);(1,4);(1,5);(7,8);(9,10)",GlobalDistortion,1,1,1,1,0,0,4
56,56,4 8 3 11 1 10 9 6 5 7 2,"(1,3);(1,4);(3,8);(5,6);(7,8);(9,10);(10,11)",GlobalDistortion,1,1,1,1,0,0,4
57,57,8 5 2 9 3 10 1 6 4 7 11,"(1,3);(1,5);(3,8);(4,8);(7,8)",GlobalDistortion,1,1,1,0,0,0,3
58,58,5 4 11 3 2 9 7 10 1 8 6,"(1,3);(1,4);(1,5);(6,7);(8,9);(10,11)",GlobalDistortion,1,1,1,1,0,0,4
59,59,9 5 6 8 3 2 11 4 1 7 10,"(1,3);(1,4);(1,5);(3,8);(4,8);(7,8);(8,9);(10,11)",GlobalDistortion,1,1,1,1,0,0,4
60,60,9 2 7 3 11 10 1 4 8 5 6,"(1,3);(6,7);(8,9);(10,11)",GlobalDistortion,1,1,1,1,0,0,4
61,61,3 9 4 2 10 11 8 7 5 1 6,"(1,3);(1,4);(1,5);(6,7);(7,8);(8,9)",GlobalDistortion,1,1,1,0,0,0,3
62,62,7 11 4 10 1 3 6 2 5 9 8,"(1,4);(5,6);(6,7);(8,9);(9,10);(10,11)",GlobalDistortion,1,1,1,1,0,0,4
63,63,8 1 4 3 5 9 11 7 2 10 6,"(3,8);(4,8);(6,7);(7,8);(10,11)",GlobalDistortion,1,0,1,0,1,0,3
64,64,2 4 3 1 9 7 11 6 8 10 5,"(1,3);(1,4);(5,6);(6,7);(8,9);(10,11)",GlobalDistortion,1,1,1,1,0,0,4
65,65,3 7 9 6 5 1 8 2 11 4 10,"(1,3);(1,5);(4,8);(5,6);(6,7);(8,9);(10,11)",GlobalDistortion,1,1,1,1,0,0,4
66,66,9 7 8 2 3 6 4 10 5 11 1,"(1,3);(1,4);(1,5);(3,8);(4,8);(5,6);(6,7);(8,9)",GlobalDistortion,1,1,1,0,0,0,3
67,67,7 6 5 2 3 4 1 8 11 10 9,"(1,3);(1,4);(1,5);(5,6);(6,7);(9,10);(10,11)",GlobalDistortion,1,1,1,1,0,0,4
68,68,2 6 8 3 11 1 5 9 10 4 7,"(1,3);(3,8);(4,8);(5,6);(7,8);(10,11)",GlobalDistortion,1,1,1,1,0,0,4
69,69,8 11 1 10 3 9 6 4 5 7 2,"(3,8);(4,8);(5,6);(7,8);(9,10);(10,11)",GlobalDistortion,1,0,1,0,1,0,3
70,70,11 3 8 5 2 6 7 10 9 1 4,"(1,3);(1,5);(4,8);(7,8);(9,10);(10,11)",GlobalDistortion,1,1,1,1,0,0,4
71,71,1 9 3 7 10 8 11 6 5 4 2,"(4,8);(5,6);(6,7);(8,9)",GlobalDistortion,1,0,1,0,1,0,3
72,72,2 11 8 9 3 1 6 5 10 7 4,"(1,3);(3,8);(4,8);(5,6);(7,8);(10,11)",GlobalDistortion,1,1,1,1,0,0,4
73,73,2 4 7 3 9 1 5 8 6 11 10,"(1,3);(1,4);(6,7);(8,9);(10,11)",GlobalDistortion,1,1,1,1,0,0,4
74,74,3 9 8 2 11 1 10 6 4 5 7,"(1,3);(4,8);(5,6);(7,8);(8,9);(10,11)",GlobalDistortion,1,1,1,1,0,0,4
75,75,6 3 8 11 1 10 5 4 7 2 9,"(1,3);(4,8);(5,6);(7,8);(9,10);(10,11)",GlobalDistortion,1,1,1,1,0,0,4
76,76,1 3 5 6 10 8 11 9 2 7 4,"(4,8);(7,8);(9,10)",BlockReorderExtreme,0,0,1,0,1,0,2
77,77,5 8 11 1 10 3 4 7 2 6 9,"(1,5);(3,8);(4,8);(6,7);(7,8);(9,10);(10,11)",GlobalDistortion,1,1,1,1,0,0,4
78,78,8 2 6 4 3 9 1 5 11 10 7,"(1,3);(1,4);(3,8);(4,8);(5,6);(7,8);(10,11)",GlobalDistortion,1,1,1,1,0,0,4
79,79,3 6 10 1 11 8 5 9 7 2 4,"(1,3);(4,8);(5,6);(7,8);(9,10)",GlobalDistortion,1,1,1,1,0,0,4
80,80,10 8 1 5 7 4 6 2 11 9 3,"(3,8);(4,8);(6,7);(7,8);(9,10)",GlobalDistortion,1,0,1,0,1,0,3
81,81,4 7 8 6 11 2 10 9 3 5 1,"(1,3);(1,4);(1,5);(3,8);(5,6);(6,7);(9,10);(10,11)",GlobalDistortion,1,1,1,1,0,0,4
82,82,5 3 9 1 4 6 11 7 10 2 8,"(1,3);(1,5);(8,9);(10,11)",GlobalDistortion,1,1,1,1,0,0,4
83,83,11 3 2 6 10 5 7 4 8 1 9,"(1,3);(1,4);(1,5);(5,6);(9,10);(10,11)",GlobalDistortion,1,1,1,1,0,0,4
84,84,3 5 6 8 4 1 11 9 7 2 10,"(1,3);(1,4);(1,5);(4,8);(7,8);(10,11)",GlobalDistortion,1,1,1,1,0,0,4
85,85,1 6 2 3 7 11 5 8 10 9 4,"(4,8);(5,6);(9,10);(10,11)",GlobalDistortion,1,0,1,0,1,0,3
86,86,3 4 1 6 7 11 10 8 9 2 5,"(1,3);(1,4);(5,6);(9,10);(10,11)",GlobalDistortion,1,1,1,1,0,0,4
87,87,10 9 3 1 11 7 6 4 2 5 8,"(1,3);(5,6);(6,7);(8,9);(9,10)",GlobalDistortion,1,1,1,1,0,0,4
88,88,7 3 6 8 2 11 10 5 9 4 1,"(1,3);(1,4);(1,5);(4,8);(5,6);(6,7);(9,10);(10,11)",GlobalDistortion,1,1,1,1,0,0,4
89,89,10 3 7 11 6 8 1 2 9 5 4,"(1,3);(4,8);(5,6);(6,7);(9,10)",GlobalDistortion,1,1,1,1,0,0,4
90,90,5 3 8 6 11 1 10 7 9 4 2,"(1,3);(1,5);(4,8);(7,8);(9,10);(10,11)",GlobalDistortion,1,1,1,1,0,0,4
91,91,5 7 2 1 10 9 4 3 8 6 11,"(1,5);(6,7);(8,9);(9,10)",GlobalDistortion,1,1,1,1,0,0,4
92,92,7 9 8 3 11 10 5 1 6 2 4,"(1,3);(1,5);(3,8);(4,8);(6,7);(8,9);(10,11)",GlobalDistortion,1,1,1,1,0,0,4
93,93,4 1 8 7 5 3 10 11 9 6 2,"(1,4);(3,8);(6,7);(7,8);(9,10)",GlobalDistortion,1,1,1,1,0,0,4
94,94,7 4 1 9 5 3 6 10 11 8 2,"(1,4);(6,7);(8,9)",FrontEndMove,0,1,1,0,0,0,2
95,95,10 9 7 2 1 5 6 8 11 3 4,"(3,8);(4,8);(6,7);(8,9);(9,10)",GlobalDistortion,1,0,1,0,1,0,3
96,96,5 3 2 6 10 8 1 9 4 11 7,"(1,3);(1,5);(4,8);(7,8);(9,10)",GlobalDistortion,1,1,1,1,0,0,4
97,97,3 8 6 10 1 2 4 11 5 9 7,"(1,3);(4,8);(5,6);(7,8);(9,10)",GlobalDistortion,1,1,1,1,0,0,4
98,98,6 7 9 4 3 5 10 1 8 2 11,"(1,3);(1,4);(1,5);(5,6);(8,9)",GlobalDistortion,1,1,1,0,0,0,3
99,99,10 1 3 9 4 7 6 8 11 5 2,"(5,6);(6,7);(8,9);(9,10)",GlobalDistortion,1,0,1,0,1,0,3
100,100,2 4 3 1 8 7 9 5 6 11 10,"(1,3);(1,4);(6,7);(7,8);(10,11)",GlobalDistortion,1,1,1,1,0,0,4
101,101,4 5 2 1 3 10 9 7 6 8 11,"(1,4);(1,5);(6,7);(8,9);(9,10)",GlobalDistortion,1,1,1,1,0,0,4
102,102,6 1 5 2 3 9 10 4 7 11 8,"(5,6);(8,9)",BlockReorderExtreme,0,0,1,0,1,0,2
103,103,1 3 6 5 4 9 8 2 11 10 7,"(5,6);(7,8);(8,9);(10,11)",GlobalDistortion,1,0,1,0,1,0,3
104,104,3 4 1 9 7 2 5 8 10 11 6,"(1,3);(1,4);(6,7);(8,9)",GlobalDistortion,1,1,1,0,0,0,3
105,105,3 10 2 1 8 5 4 6 11 7 9,"(1,3);(4,8);(7,8);(9,10)",GlobalDistortion,1,1,1,1,0,0,4
106,106,1 4 5 3 8 6 7 10 2 11 9,"(7,8);(9,10)",BlockReorderExtreme,0,0,1,0,1,0,2
107,107,3 5 1 6 2 4 9 7 11 8 10,"(1,3);(1,5);(8,9);(10,11)",GlobalDistortion,1,1,1,1,0,0,4
108,108,1 2 5 3 4 7 9 11 6 8 10,"(6,7);(8,9);(10,11)",BlockReorderExtreme,0,0,1,0,1,0,2
109,109,2 6 1 9 3 4 8 5 11 7 10,"(5,6);(7,8);(8,9);(10,11)",GlobalDistortion,1,0,1,0,1,0,3
110,110,4 6 2 1 3 8 5 9 10 7 11,"(1,4);(5,6);(7,8)",FrontEndMove,0,1,1,0,0,0,2
111,111,3 2 1 4 8 10 9 6 5 11 7,"(1,3);(5,6);(7,8);(9,10)",GlobalDistortion,1,1,1,1,0,0,4
112,112,3 5 1 8 4 6 7 10 9 2 11,"(1,3);(1,5);(4,8);(7,8);(9,10)",GlobalDistortion,1,1,1,1,0,0,4
113,113,1 3 5 4 10 2 9 8 6 11 7,"(7,8);(8,9);(9,10)",BlockReorderExtreme,0,0,1,0,1,0,2
114,114,1 6 2 4 9 3 7 10 8 5 11,"(5,6);(8,9)",BlockReorderExtreme,0,0,1,0,1,0,2
115,115,1 3 6 7 2 10 8 4 11 9 5,"(4,8);(5,6);(9,10)",BlockReorderExtreme,0,0,1,0,1,0,2
116,116,1 5 4 10 8 2 3 6 7 9 11,"(3,8);(7,8);(9,10)",BlockReorderExtreme,0,0,1,0,1,0,2
117,117,3 1 4 6 2 10 8 7 11 9 5,"(1,3);(5,6);(7,8);(9,10)",GlobalDistortion,1,1,1,1,0,0,4
118,118,3 4 5 1 2 10 8 6 11 9 7,"(1,3);(1,4);(1,5);(7,8);(9,10)",GlobalDistortion,1,1,1,1,0,0,4
119,119,2 6 5 1 4 3 7 8 11 10 9,"(1,5);(5,6);(9,10);(10,11)",GlobalDistortion,1,1,1,1,0,0,4
120,120,4 2 1 3 5 7 8 11 10 9 6,"(1,4);(6,7);(9,10);(10,11)",GlobalDistortion,1,1,1,1,0,0,4
121,121,5 3 1 4 2 8 6 7 9 10 11,"(1,3);(1,5);(7,8)",FrontEndMove,0,1,1,0,0,0,2
122,122,2 1 6 3 5 10 7 4 11 9 8,"(5,6);(8,9);(9,10)",BlockReorderExtreme,0,0,1,0,1,0,2
123,123,4 1 3 10 2 5 7 8 6 11 9,"(1,4);(6,7);(9,10)",FrontEndMove,0,1,1,1,0,0,3
124,124,6 3 1 4 2 9 5 7 10 11 8,"(1,3);(5,6);(8,9)",FrontEndMove,0,1,1,0,0,0,2
125,125,1 3 2 7 5 8 9 4 11 10 6,"(4,8);(6,7);(10,11)",BlockReorderExtreme,0,0,1,0,1,0,2
126,126,1 2 10 3 8 6 5 7 4 9 11,"(4,8);(5,6);(7,8);(9,10)",GlobalDistortion,1,0,1,0,1,0,3
127,127,1 2 3 9 5 7 8 11 6 4 10,"(4,8);(6,7);(8,9);(10,11)",GlobalDistortion,1,0,1,0,1,0,3
128,128,3 2 1 4 6 5 9 10 8 7 11,"(1,3);(5,6);(7,8);(8,9)",GlobalDistortion,1,1,1,0,0,0,3
129,129,1 3 10 9 5 2 7 6 4 8 11,"(6,7);(8,9);(9,10)",BlockReorderExtreme,0,0,1,0,1,0,2
130,130,3 1 9 5 4 6 2 10 8 7 11,"(1,3);(7,8);(8,9)",FrontEndMove,0,1,1,0,0,0,2
131,131,6 1 3 5 4 7 10 9 8 2 11,"(5,6);(8,9);(9,10)",BlockReorderExtreme,0,0,1,0,1,0,2
132,132,2 10 1 3 6 7 5 8 4 9 11,"(4,8);(5,6);(9,10)",BlockReorderExtreme,0,0,1,0,1,0,2
133,133,1 9 3 7 2 4 8 5 6 10 11,"(6,7);(8,9)",BlockReorderExtreme,0,0,1,0,1,0,2
134,134,1 5 2 3 6 10 4 8 9 7 11,"(7,8);(9,10)",BlockReorderExtreme,0,0,1,0,1,0,2
135,135,1 5 2 6 4 8 3 11 10 7 9,"(3,8);(7,8);(9,10);(10,11)",GlobalDistortion,1,0,1,0,1,0,3
136,136,3 5 1 4 10 7 9 2 8 11 6,"(1,3);(1,5);(6,7);(8,9);(9,10)",GlobalDistortion,1,1,1,1,0,0,4
137,137,1 4 3 5 9 8 6 7 2 10 11,"(7,8);(8,9)",BlockReorderExtreme,0,0,1,0,1,0,2
138,138,4 6 1 3 9 7 2 5 8 11 10,"(1,4);(5,6);(8,9);(10,11)",GlobalDistortion,1,1,1,1,0,0,4
139,139,2 1 3 9 7 5 6 11 8 10 4,"(4,8);(6,7);(8,9);(10,11)",GlobalDistortion,1,0,1,0,1,0,3
140,140,3 4 1 6 10 5 8 2 9 11 7,"(1,3);(1,4);(5,6);(7,8);(9,10)",GlobalDistortion,1,1,1,1,0,0,4
141,141,3 1 5 7 9 6 4 11 2 10 8,"(1,3);(6,7);(8,9);(10,11)",GlobalDistortion,1,1,1,1,0,0,4
142,142,4 1 3 9 8 5 2 6 11 7 10,"(1,4);(7,8);(8,9);(10,11)",GlobalDistortion,1,1,1,1,0,0,4
143,143,3 1 2 5 4 10 8 6 11 9 7,"(1,3);(7,8);(9,10)",FrontEndMove,0,1,1,1,0,0,3
144,144,1 3 6 2 7 10 9 8 5 4 11,"(4,8);(5,6);(8,9);(9,10)",GlobalDistortion,1,0,1,0,1,0,3
145,145,4 8 3 1 5 9 2 7 6 10 11,"(1,3);(1,4);(3,8);(6,7);(7,8)",GlobalDistortion,1,1,1,0,0,0,3
146,146,3 1 5 8 4 7 10 6 9 2 11,"(1,3);(4,8);(6,7);(7,8);(9,10)",GlobalDistortion,1,1,1,1,0,0,4
147,147,3 1 7 4 5 9 8 11 10 2 6,"(1,3);(6,7);(8,9);(10,11)",GlobalDistortion,1,1,1,1,0,0,4
148,148,2 3 1 6 4 7 8 10 9 5 11,"(1,3);(5,6);(9,10)",FrontEndMove,0,1,1,1,0,0,3
149,149,6 1 3 2 5 9 10 7 11 8 4,"(4,8);(5,6);(8,9)",BlockReorderExtreme,0,0,1,0,1,0,2
150,150,1 5 8 3 2 6 4 10 9 11 7,"(3,8);(4,8);(7,8);(9,10)",GlobalDistortion,1,0,1,0,1,0,3
151,151,3 2 1 8 9 5 4 11 7 10 6,"(1,3);(4,8);(6,7);(7,8);(10,11)",GlobalDistortion,1,1,1,1,0,0,4
152,152,3 1 4 7 9 10 2 6 8 11 5,"(1,3);(5,6);(6,7);(8,9)",GlobalDistortion,1,1,1,0,0,0,3
153,153,4 1 5 3 6 2 7 10 8 9 11,"(1,4);(9,10)",FrontEndMove,0,1,0,1,0,0,2
154,154,2 1 3 10 5 9 6 4 11 7 8,"(8,9);(9,10)",BlockReorderExtreme,0,0,1,0,1,0,2
155,155,1 3 8 4 10 5 2 9 6 11 7,"(4,8);(7,8);(9,10)",BlockReorderExtreme,0,0,1,0,1,0,2
156,156,2 1 5 6 3 10 4 8 7 11 9,"(7,8);(9,10)",BlockReorderExtreme,0,0,1,0,1,0,2
157,157,1 8 5 2 3 6 10 4 7 11 9,"(3,8);(4,8);(7,8);(9,10)",GlobalDistortion,1,0,1,0,1,0,3
158,158,3 6 4 1 2 7 5 10 11 9 8,"(1,3);(1,4);(5,6);(8,9);(9,10)",GlobalDistortion,1,1,1,1,0,0,4
159,159,2 8 1 3 4 6 7 11 5 9 10,"(3,8);(4,8);(5,6);(7,8);(10,11)",GlobalDistortion,1,0,1,0,1,0,3
160,160,2 5 1 6 8 3 9 7 4 10 11,"(1,5);(3,8);(4,8);(7,8)",GlobalDistortion,1,1,1,0,0,0,3
161,161,3 1 10 4 5 7 6 2 11 9 8,"(1,3);(6,7);(8,9);(9,10)",GlobalDistortion,1,1,1,1,0,0,4
162,162,3 1 5 2 9 8 4 6 7 11 10,"(1,3);(4,8);(7,8);(8,9);(10,11)",GlobalDistortion,1,1,1,1,0,0,4
163,163,3 7 1 5 4 6 8 2 11 10 9,"(1,3);(6,7);(9,10);(10,11)",GlobalDistortion,1,1,1,1,0,0,4
164,164,3 1 5 9 7 6 2 4 10 8 11,"(1,3);(6,7);(8,9)",FrontEndMove,0,1,1,0,0,0,2
165,165,6 3 1 7 5 2 4 9 11 8 10,"(1,3);(5,6);(8,9);(10,11)",GlobalDistortion,1,1,1,1,0,0,4
166,166,5 2 1 8 3 9 4 10 7 6 11,"(1,5);(3,8);(4,8);(6,7);(7,8)",GlobalDistortion,1,1,1,0,0,0,3
167,167,5 2 9 1 3 10 7 6 4 8 11,"(1,5);(6,7);(8,9)",FrontEndMove,0,1,1,0,0,0,2
168,168,1 2 6 5 4 3 10 7 8 11 9,"(5,6);(9,10)",BlockReorderExtreme,0,0,1,0,1,0,2
169,169,3 1 8 2 6 5 10 4 7 11 9,"(1,3);(4,8);(5,6);(7,8);(9,10)",GlobalDistortion,1,1,1,1,0,0,4
170,170,3 1 6 9 5 2 4 11 7 8 10,"(1,3);(5,6);(8,9);(10,11)",GlobalDistortion,1,1,1,1,0,0,4
171,171,1 2 3 9 5 7 4 11 6 8 10,"(6,7);(8,9);(10,11)",BlockReorderExtreme,0,0,1,0,1,0,2
172,172,6 5 1 3 2 8 4 7 11 9 10,"(1,5);(4,8);(5,6);(7,8);(10,11)",GlobalDistortion,1,1,1,1,0,0,4
173,173,3 5 1 4 10 7 2 11 6 8 9,"(1,3);(1,5);(6,7);(9,10)",GlobalDistortion,1,1,1,1,0,0,4
174,174,1 3 7 9 2 4 6 10 8 11 5,"(5,6);(6,7);(8,9)",BlockReorderExtreme,0,0,1,0,1,0,2
175,175,3 10 1 5 2 4 9 6 11 8 7,"(1,3);(7,8);(8,9);(9,10)",GlobalDistortion,1,1,1,1,0,0,4
176,176,3 1 6 2 7 9 4 10 8 5 11,"(1,3);(5,6);(8,9)",FrontEndMove,0,1,1,0,0,0,2
177,177,3 1 6 5 10 9 2 7 4 8 11,"(1,3);(5,6);(8,9);(9,10)",GlobalDistortion,1,1,1,1,0,0,4
178,178,6 4 1 5 3 8 2 7 10 9 11,"(1,4);(5,6);(7,8);(9,10)",GlobalDistortion,1,1,1,1,0,0,4
179,179,2 1 3 6 9 4 7 10 8 11 5,"(5,6);(8,9)",BlockReorderExtreme,0,0,1,0,1,0,2
180,180,1 2 4 3 9 5 7 6 8 10 11,"(6,7);(8,9)",BlockReorderExtreme,0,0,1,0,1,0,2
181,181,1 3 2 10 5 9 8 6 11 4 7,"(4,8);(7,8);(8,9);(9,10)",GlobalDistortion,1,0,1,0,1,0,3
182,182,3 10 1 5 4 6 2 9 8 7 11,"(1,3);(7,8);(8,9);(9,10)",GlobalDistortion,1,1,1,1,0,0,4
183,183,1 6 2 10 3 8 4 11 9 5 7,"(4,8);(5,6);(7,8);(9,10)",GlobalDistortion,1,0,1,0,1,0,3
184,184,3 1 8 2 5 4 9 7 10 6 11,"(1,3);(4,8);(6,7);(7,8)",GlobalDistortion,1,1,1,0,0,0,3
185,185,3 1 5 7 6 2 8 10 4 9 11,"(1,3);(4,8);(6,7);(9,10)",GlobalDistortion,1,1,1,1,0,0,4
186,186,3 1 5 9 2 4 8 10 7 11 6,"(1,3);(6,7);(7,8);(8,9)",GlobalDistortion,1,1,1,0,0,0,3
187,187,1 10 2 3 4 6 9 8 5 7 11,"(5,6);(7,8);(8,9);(9,10)",GlobalDistortion,1,0,1,0,1,0,3
188,188,4 2 1 9 3 8 5 7 6 11 10,"(1,4);(6,7);(7,8);(8,9);(10,11)",GlobalDistortion,1,1,1,1,0,0,4
189,189,2 1 9 5 3 7 4 8 6 11 10,"(6,7);(8,9);(10,11)",BlockReorderExtreme,0,0,1,0,1,0,2
190,190,5 8 3 1 4 6 2 7 10 11 9,"(1,3);(1,5);(3,8);(4,8);(7,8);(9,10)",GlobalDistortion,1,1,1,1,0,0,4
191,191,1 3 8 10 4 2 9 6 5 11 7,"(4,8);(5,6);(7,8);(9,10)",GlobalDistortion,1,0,1,0,1,0,3
192,192,3 2 7 1 10 5 4 6 8 9 11,"(1,3);(6,7);(9,10)",FrontEndMove,0,1,1,1,0,0,3
193,193,2 6 3 1 9 7 10 5 4 8 11,"(1,3);(5,6);(8,9)",FrontEndMove,0,1,1,0,0,0,2
194,194,1 2 3 6 7 5 4 9 11 8 10,"(5,6);(8,9);(10,11)",BlockReorderExtreme,0,0,1,0,1,0,2
195,195,5 6 2 1 4 3 9 10 8 7 11,"(1,5);(7,8);(8,9)",FrontEndMove,0,1,1,0,0,0,2
196,196,1 5 3 2 4 9 10 7 6 8 11,"(6,7);(8,9)",BlockReorderExtreme,0,0,1,0,1,0,2
197,197,3 1 4 6 2 9 8 5 7 11 10,"(1,3);(5,6);(7,8);(8,9);(10,11)",GlobalDistortion,1,1,1,1,0,0,4
198,198,2 3 1 6 10 4 9 5 8 11 7,"(1,3);(5,6);(7,8);(8,9);(9,10)",GlobalDistortion,1,1,1,1,0,0,4
199,199,4 1 3 5 10 9 7 6 2 8 11,"(1,4);(6,7);(8,9);(9,10)",GlobalDistortion,1,1,1,1,0,0,4
200,200,1 3 8 10 11 2 5 6 4 7 9,"(4,8);(7,8);(9,10)",BlockReorderExtreme,0,0,1,0,1,0,2
201,201,4 5 3 9 6 7 1 10 11 2 8,"(1,3);(1,4);(1,5);(8,9)",GlobalDistortion,1,1,1,0,0,0,3
202,202,4 8 1 7 11 3 2 9 10 5 6,"(1,4);(3,8);(6,7);(7,8);(10,11)",GlobalDistortion,1,1,1,1,0,0,4
203,203,6 1 2 3 5 4 9 7 10 11 8,"(5,6);(8,9)",BlockReorderExtreme,0,0,1,0,1,0,2
204,204,3 5 4 7 10 6 8 9 1 2 11,"(1,3);(1,4);(1,5);(6,7);(9,10)",GlobalDistortion,1,1,1,1,0,0,4
205,205,4 5 3 6 9 2 11 1 7 8 10,"(1,3);(1,4);(1,5);(8,9);(10,11)",GlobalDistortion,1,1,1,1,0,0,4
206,206,3 6 4 5 2 9 8 10 11 7 1,"(1,3);(1,4);(1,5);(5,6);(7,8);(8,9)",GlobalDistortion,1,1,1,0,0,0,3
207,207,3 4 5 8 9 11 7 1 10 2 6,"(1,3);(1,4);(1,5);(6,7);(7,8);(10,11)",GlobalDistortion,1,1,1,1,0,0,4
208,208,3 2 8 1 7 6 9 10 11 4 5,"(1,3);(4,8);(5,6);(6,7);(7,8)",GlobalDistortion,1,1,1,0,0,0,3
209,209,4 5 8 6 1 3 11 9 2 7 10,"(1,4);(1,5);(3,8);(7,8);(10,11)",GlobalDistortion,1,1,1,1,0,0,4
210,210,4 9 3 1 2 6 11 5 7 8 10,"(1,3);(1,4);(5,6);(8,9);(10,11)",GlobalDistortion,1,1,1,1,0,0,4
211,211,4 3 8 7 1 2 11 10 5 6 9,"(1,3);(1,4);(6,7);(7,8);(9,10);(10,11)",GlobalDistortion,1,1,1,1,0,0,4
212,212,3 1 11 9 6 7 2 4 5 8 10,"(1,3);(5,6);(8,9);(10,11)",GlobalDistortion,1,1,1,1,0,0,4
213,213,2 3 7 6 5 8 4 9 10 11 1,"(1,3);(1,4);(1,5);(4,8);(5,6);(6,7)",GlobalDistortion,1,1,1,0,0,0,3
214,214,3 9 7 8 1 2 10 6 4 11 5,"(1,3);(4,8);(5,6);(6,7);(8,9)",GlobalDistortion,1,1,1,0,0,0,3
215,215,3 2 10 4 9 7 8 5 11 1 6,"(1,3);(1,4);(1,5);(6,7);(8,9);(9,10)",GlobalDistortion,1,1,1,1,0,0,4
216,216,3 1 9 6 7 2 8 10 11 4 5,"(1,3);(4,8);(5,6);(8,9)",GlobalDistortion,1,1,1,0,0,0,3
217,217,7 5 6 2 3 8 9 10 1 11 4,"(1,3);(1,5);(4,8);(6,7)",GlobalDistortion,1,1,1,0,0,0,3
218,218,3 4 8 11 7 2 1 5 10 9 6,"(1,3);(1,4);(6,7);(7,8);(9,10);(10,11)",GlobalDistortion,1,1,1,1,0,0,4
219,219,6 5 2 11 3 4 8 10 7 1 9,"(1,3);(1,4);(1,5);(5,6);(7,8);(9,10);(10,11)",GlobalDistortion,1,1,1,1,0,0,4
220,220,3 2 5 6 7 4 11 1 9 8 10,"(1,3);(1,4);(1,5);(8,9);(10,11)",GlobalDistortion,1,1,1,1,0,0,4
221,221,2 5 6 1 10 4 8 3 11 7 9,"(1,5);(3,8);(7,8);(9,10)",GlobalDistortion,1,1,1,1,0,0,4
222,222,3 1 5 11 4 10 7 6 2 8 9,"(1,3);(6,7);(9,10);(10,11)",GlobalDistortion,1,1,1,1,0,0,4
223,223,4 3 6 1 7 8 10 11 5 2 9,"(1,3);(1,4);(5,6);(9,10)",GlobalDistortion,1,1,1,1,0,0,4
224,224,5 1 3 2 10 4 11 6 7 8 9,"(1,5);(9,10)",FrontEndMove,0,1,0,1,0,0,2
225,225,2 3 11 6 9 8 4 10 7 5 1,"(1,3);(1,4);(1,5);(4,8);(5,6);(7,8);(8,9);(10,11)",GlobalDistortion,1,1,1,1,0,0,4
226,226,4 3 2 10 11 7 1 6 8 9 5,"(1,3);(1,4);(5,6);(6,7);(9,10)",GlobalDistortion,1,1,1,1,0,0,4
227,227,5 3 6 7 8 1 4 10 11 2 9,"(1,3);(1,5);(4,8);(9,10)",GlobalDistortion,1,1,1,1,0,0,4
228,228,3 4 6 8 11 2 5 10 9 1 7,"(1,3);(1,4);(1,5);(5,6);(7,8);(9,10);(10,11)",GlobalDistortion,1,1,1,1,0,0,4
229,229,3 7 1 2 5 8 9 10 11 6 4,"(1,3);(4,8);(6,7)",FrontEndMove,0,1,1,0,0,0,2
230,230,4 5 3 8 2 1 11 10 9 6 7,"(1,3);(1,4);(1,5);(7,8);(9,10);(10,11)",GlobalDistortion,1,1,1,1,0,0,4
231,231,3 4 5 11 2 8 1 6 7 9 10,"(1,3);(1,4);(1,5);(7,8);(10,11)",GlobalDistortion,1,1,1,1,0,0,4
232,232,1 9 6 2 10 7 4 5 8 3 11,"(3,8);(5,6);(8,9)",BlockReorderExtreme,0,0,1,0,1,0,2
233,233,4 5 8 7 3 9 1 10 6 11 2,"(1,3);(1,4);(1,5);(3,8);(6,7);(7,8)",GlobalDistortion,1,1,1,0,0,0,3
234,234,4 3 6 1 7 8 10 5 9 11 2,"(1,3);(1,4);(5,6);(9,10)",GlobalDistortion,1,1,1,1,0,0,4
235,235,2 3 9 6 1 8 10 11 5 7 4,"(1,3);(4,8);(5,6);(7,8);(8,9)",GlobalDistortion,1,1,1,0,0,0,3
236,236,3 10 1 4 5 11 6 7 8 9 2,"(1,3);(9,10)",FrontEndMove,0,1,0,1,0,0,2
237,237,3 2 5 6 7 9 1 10 11 4 8,"(1,3);(1,5);(8,9)",FrontEndMove,0,1,1,0,0,0,2
238,238,3 5 8 4 6 1 2 11 7 9 10,"(1,3);(1,4);(1,5);(4,8);(7,8);(10,11)",GlobalDistortion,1,1,1,1,0,0,4
239,239,8 1 4 5 6 9 3 2 10 7 11,"(3,8);(4,8);(7,8)",BlockReorderExtreme,0,0,1,0,1,0,2
240,240,1 2 3 4 10 5 11 9 8 6 7,"(7,8);(8,9);(9,10)",BlockReorderExtreme,0,0,1,0,1,0,2
241,241,10 3 4 5 7 8 2 6 9 1 11,"(1,3);(1,4);(1,5);(6,7);(9,10)",GlobalDistortion,1,1,1,1,0,0,4
242,242,3 5 6 1 2 10 11 8 7 4 9,"(1,3);(1,5);(4,8);(7,8);(9,10)",GlobalDistortion,1,1,1,1,0,0,4
243,243,2 3 5 7 1 9 8 6 10 4 11,"(1,3);(1,5);(4,8);(6,7);(8,9)",GlobalDistortion,1,1,1,0,0,0,3
244,244,4 5 6 7 8 2 3 11 1 10 9,"(1,3);(1,4);(1,5);(3,8);(9,10);(10,11)",GlobalDistortion,1,1,1,1,0,0,4
245,245,4 1 5 6 7 8 11 9 10 3 2,"(1,4);(3,8);(10,11)",FrontEndMove,0,1,1,1,0,0,3
246,246,7 8 3 1 6 9 10 2 4 5 11,"(1,3);(3,8);(4,8);(5,6);(6,7)",GlobalDistortion,1,1,1,0,0,0,3
247,247,7 3 4 5 8 9 6 2 1 10 11,"(1,3);(1,4);(1,5);(6,7)",GlobalDistortion,1,1,1,0,0,0,3
248,248,6 2 3 8 10 11 9 1 4 5 7,"(1,3);(4,8);(5,6);(7,8);(9,10)",GlobalDistortion,1,1,1,1,0,0,4
249,249,4 8 3 9 5 6 7 10 11 1 2,"(1,3);(1,4);(1,5);(3,8);(7,8)",GlobalDistortion,1,1,1,0,0,0,3
250,250,7 4 2 3 11 1 8 9 5 6 10,"(1,3);(1,4);(6,7);(10,11)",GlobalDistortion,1,1,1,1,0,0,4
251,251,10 1 2 3 5 11 7 6 4 9 8,"(6,7);(8,9);(9,10)",BlockReorderExtreme,0,0,1,0,1,0,2
252,252,10 6 2 5 3 4 11 1 7 8 9,"(1,3);(1,4);(1,5);(5,6);(9,10)",GlobalDistortion,1,1,1,1,0,0,4
253,253,1 4 7 8 5 6 11 3 9 2 10,"(3,8);(6,7);(10,11)",BlockReorderExtreme,0,0,1,0,1,0,2
254,254,3 5 6 1 2 7 9 10 8 11 4,"(1,3);(1,5);(4,8);(8,9)",GlobalDistortion,1,1,1,0,0,0,3
255,255,3 5 8 2 7 10 11 6 9 4 1,"(1,3);(1,4);(1,5);(4,8);(6,7);(7,8);(9,10)",GlobalDistortion,1,1,1,1,0,0,4
256,256,7 8 2 3 5 11 1 4 6 10 9,"(1,3);(1,5);(3,8);(4,8);(6,7);(9,10);(10,11)",GlobalDistortion,1,1,1,1,0,0,4
257,257,1 3 4 9 5 10 11 6 7 8 2,"(8,9)",BlockReorderExtreme,0,0,1,0,1,0,2
258,258,2 3 11 4 1 10 9 6 5 7 8,"(1,3);(1,4);(5,6);(8,9);(9,10);(10,11)",GlobalDistortion,1,1,1,1,0,0,4
259,259,6 3 1 2 4 10 8 9 11 5 7,"(1,3);(5,6);(7,8);(9,10)",GlobalDistortion,1,1,1,1,0,0,4
260,260,3 6 4 11 5 2 10 7 1 8 9,"(1,3);(1,4);(1,5);(5,6);(9,10);(10,11)",GlobalDistortion,1,1,1,1,0,0,4
261,261,7 3 4 2 8 9 10 11 1 5 6,"(1,3);(1,4);(6,7)",FrontEndMove,0,1,1,0,0,0,2
262,262,7 3 1 8 4 5 6 10 2 11 9,"(1,3);(4,8);(6,7);(9,10)",GlobalDistortion,1,1,1,1,0,0,4
263,263,10 3 1 2 5 9 4 8 6 11 7,"(1,3);(7,8);(8,9);(9,10)",GlobalDistortion,1,1,1,1,0,0,4
264,264,2 3 11 8 1 5 10 4 9 7 6,"(1,3);(4,8);(6,7);(7,8);(9,10);(10,11)",GlobalDistortion,1,1,1,1,0,0,4
265,265,3 4 6 2 8 5 11 1 7 10 9,"(1,3);(1,4);(1,5);(5,6);(7,8);(9,10);(10,11)",GlobalDistortion,1,1,1,1,0,0,4
266,266,3 9 1 6 2 5 10 11 4 7 8,"(1,3);(5,6);(8,9)",FrontEndMove,0,1,1,0,0,0,2
267,267,2 4 7 8 9 1 11 5 3 6 10,"(1,4);(3,8);(6,7);(10,11)",GlobalDistortion,1,1,1,1,0,0,4
268,268,1 4 5 10 11 2 9 6 3 7 8,"(8,9);(9,10)",BlockReorderExtreme,0,0,1,0,1,0,2
269,269,3 4 7 1 2 8 11 9 6 5 10,"(1,3);(1,4);(5,6);(6,7);(10,11)",GlobalDistortion,1,1,1,1,0,0,4
270,270,3 7 11 1 8 4 5 6 2 10 9,"(1,3);(4,8);(6,7);(9,10);(10,11)",GlobalDistortion,1,1,1,1,0,0,4
271,271,3 1 10 5 6 7 2 9 4 11 8,"(1,3);(8,9);(9,10)",FrontEndMove,0,1,1,1,0,0,3
272,272,1 8 2 3 10 5 9 7 11 4 6,"(3,8);(4,8);(6,7);(7,8);(9,10)",GlobalDistortion,1,0,1,0,1,0,3
273,273,2 10 11 1 3 4 6 7 5 9 8,"(5,6);(8,9);(9,10)",BlockReorderExtreme,0,0,1,0,1,0,2
274,274,1 3 5 10 2 9 6 7 11 4 8,"(8,9);(9,10)",BlockReorderExtreme,0,0,1,0,1,0,2
275,275,10 11 3 1 5 4 6 2 7 8 9,"(1,3);(9,10)",FrontEndMove,0,1,0,1,0,0,2
276,276,2 3 8 9 5 11 4 7 6 10 1,"(1,3);(1,4);(1,5);(4,8);(6,7);(7,8);(10,11)",GlobalDistortion,1,1,1,1,0,0,4
277,277,1 11 3 7 6 4 5 2 10 8 9,"(5,6);(6,7);(9,10);(10,11)",GlobalDistortion,1,0,1,0,1,0,3
278,278,11 5 1 2 3 9 4 6 8 7 10,"(1,5);(7,8);(8,9);(10,11)",GlobalDistortion,1,1,1,1,0,0,4
279,279,3 10 1 2 7 8 9 5 4 6 11,"(1,3);(4,8);(6,7);(9,10)",GlobalDistortion,1,1,1,1,0,0,4
280,280,9 6 3 1 2 4 7 8 10 5 11,"(1,3);(5,6);(8,9)",FrontEndMove,0,1,1,0,0,0,2
281,281,3 8 6 5 9 4 7 1 2 10 11,"(1,3);(1,4);(1,5);(4,8);(5,6);(7,8)",GlobalDistortion,1,1,1,0,0,0,3
282,282,3 8 10 2 11 1 6 7 4 5 9,"(1,3);(4,8);(5,6);(7,8);(9,10)",GlobalDistortion,1,1,1,1,0,0,4
283,283,9 4 5 3 8 2 6 7 1 10 11,"(1,3);(1,4);(1,5);(7,8);(8,9)",GlobalDistortion,1,1,1,0,0,0,3
284,284,5 7 1 2 6 3 4 8 11 9 10,"(1,5);(6,7);(10,11)",FrontEndMove,0,1,1,1,0,0,3
285,285,3 5 1 10 11 9 2 6 4 7 8,"(1,3);(1,5);(8,9);(9,10)",GlobalDistortion,1,1,1,1,0,0,4
286,286,11 3 1 10 4 2 7 6 8 9 5,"(1,3);(5,6);(6,7);(9,10);(10,11)",GlobalDistortion,1,1,1,1,0,0,4
287,287,10 3 4 1 5 8 7 11 6 9 2,"(1,3);(1,4);(6,7);(7,8);(9,10)",GlobalDistortion,1,1,1,1,0,0,4
288,288,3 7 1 2 6 4 5 9 11 8 10,"(1,3);(5,6);(6,7);(8,9);(10,11)",GlobalDistortion,1,1,1,1,0,0,4
289,289,3 1 8 4 2 9 10 11 5 6 7,"(1,3);(4,8);(7,8)",FrontEndMove,0,1,1,0,0,0,2
290,290,9 10 3 4 2 1 5 8 11 6 7,"(1,3);(1,4);(7,8);(8,9)",GlobalDistortion,1,1,1,0,0,0,3
291,291,8 1 11 3 9 5 2 4 6 7 10,"(3,8);(4,8);(7,8);(10,11)",GlobalDistortion,1,0,1,0,1,0,3
292,292,5 6 2 3 4 10 1 11 9 7 8,"(1,3);(1,4);(1,5);(8,9);(9,10)",GlobalDistortion,1,1,1,1,0,0,4
293,293,3 10 5 6 8 11 1 4 7 9 2,"(1,3);(1,5);(4,8);(7,8);(9,10)",GlobalDistortion,1,1,1,1,0,0,4
294,294,3 4 10 1 2 8 5 9 11 7 6,"(1,3);(1,4);(6,7);(7,8);(9,10)",GlobalDistortion,1,1,1,1,0,0,4
295,295,1 2 3 11 5 10 4 9 6 7 8,"(8,9);(9,10);(10,11)",BlockReorderExtreme,0,0,1,0,1,0,2
296,296,5 2 4 10 3 11 1 8 9 6 7,"(1,3);(1,4);(1,5);(7,8);(9,10)",GlobalDistortion,1,1,1,1,0,0,4
297,297,2 3 10 7 6 1 11 9 8 4 5,"(1,3);(4,8);(5,6);(6,7);(8,9);(9,10)",GlobalDistortion,1,1,1,1,0,0,4
298,298,1 5 9 2 4 7 8 3 11 10 6,"(3,8);(6,7);(8,9);(10,11)",GlobalDistortion,1,0,1,0,1,0,3
299,299,1 4 5 7 2 10 9 6 8 11 3,"(3,8);(6,7);(8,9);(9,10)",GlobalDistortion,1,0,1,0,1,0,3
300,300,10 3 5 11 7 1 6 8 4 9 2,"(1,3);(1,5);(4,8);(6,7);(9,10)",GlobalDistortion,1,1,1,1,0,0,4
301,301,3 8 10 1 7 11 9 6 2 5 4,"(1,3);(4,8);(5,6);(6,7);(7,8);(9,10)",GlobalDistortion,1,1,1,1,0,0,4
302,302,6 10 5 8 7 1 4 9 11 3 2,"(1,5);(3,8);(4,8);(5,6);(7,8);(9,10)",GlobalDistortion,1,1,1,1,0,0,4
303,303,7 10 11 8 3 9 2 5 4 6 1,"(1,3);(1,4);(1,5);(3,8);(4,8);(6,7);(9,10)",GlobalDistortion,1,1,1,1,0,0,4
304,304,5 11 3 6 8 10 7 4 1 9 2,"(1,3);(1,4);(1,5);(4,8);(7,8);(9,10);(10,11)",GlobalDistortion,1,1,1,1,0,0,4
305,305,9 10 3 4 7 11 2 6 5 8 1,"(1,3);(1,4);(1,5);(5,6);(6,7);(8,9)",GlobalDistortion,1,1,1,0,0,0,3
306,306,7 9 8 11 1 3 6 10 5 2 4,"(3,8);(4,8);(5,6);(6,7);(8,9);(10,11)",GlobalDistortion,1,0,1,0,1,0,3
307,307,4 11 8 3 6 7 5 9 2 10 1,"(1,3);(1,4);(1,5);(3,8);(5,6);(7,8);(10,11)",GlobalDistortion,1,1,1,1,0,0,4
308,308,11 10 5 3 1 7 9 8 4 2 6,"(1,3);(1,5);(4,8);(6,7);(8,9);(9,10);(10,11)",GlobalDistortion,1,1,1,1,0,0,4
309,309,8 7 10 2 5 11 4 1 9 6 3,"(1,4);(1,5);(3,8);(4,8);(6,7);(7,8);(9,10)",GlobalDistortion,1,1,1,1,0,0,4
310,310,4 7 2 11 10 9 8 6 5 3 1,"(1,3);(1,4);(1,5);(3,8);(5,6);(6,7);(8,9);(9,10);(10,11)",GlobalDistortion,1,1,1,1,0,0,4
311,311,7 10 8 2 11 5 4 9 3 1 6,"(1,3);(1,4);(1,5);(3,8);(4,8);(6,7);(9,10)",GlobalDistortion,1,1,1,1,0,0,4
312,312,9 3 10 7 4 11 5 8 2 6 1,"(1,3);(1,4);(1,5);(6,7);(8,9)",GlobalDistortion,1,1,1,0,0,0,3
313,313,11 10 9 1 3 5 6 2 8 7 4,"(4,8);(7,8);(8,9);(9,10);(10,11)",GlobalDistortion,1,0,1,0,1,0,3
314,314,8 6 10 7 9 11 1 3 5 2 4,"(3,8);(4,8);(5,6);(7,8);(9,10)",GlobalDistortion,1,0,1,0,1,0,3
315,315,9 5 6 1 11 7 10 4 3 8 2,"(1,5);(8,9);(10,11)",FrontEndMove,0,1,1,1,0,0,3
316,316,11 8 3 10 6 2 7 5 1 9 4,"(1,3);(1,5);(3,8);(4,8);(5,6);(7,8);(9,10);(10,11)",GlobalDistortion,1,1,1,1,0,0,4
317,317,11 6 9 8 2 5 3 10 7 1 4,"(1,3);(1,5);(3,8);(4,8);(5,6);(7,8);(8,9);(10,11)",GlobalDistortion,1,1,1,1,0,0,4
318,318,9 6 11 7 3 8 10 2 5 4 1,"(1,3);(1,4);(1,5);(4,8);(5,6);(8,9);(10,11)",GlobalDistortion,1,1,1,1,0,0,4
319,319,10 8 5 7 3 9 1 2 11 6 4,"(1,3);(1,5);(3,8);(4,8);(6,7);(7,8);(9,10)",GlobalDistortion,1,1,1,1,0,0,4
320,320,10 5 8 11 6 9 1 3 7 4 2,"(1,5);(3,8);(4,8);(7,8);(9,10)",GlobalDistortion,1,1,1,1,0,0,4
321,321,3 9 10 6 11 2 4 8 5 7 1,"(1,3);(1,4);(1,5);(5,6);(7,8);(8,9)",GlobalDistortion,1,1,1,0,0,0,3
322,322,8 11 3 6 7 10 2 1 9 5 4,"(1,3);(3,8);(4,8);(5,6);(7,8);(9,10);(10,11)",GlobalDistortion,1,1,1,1,0,0,4
323,323,7 11 10 5 8 9 2 3 6 4 1,"(1,3);(1,4);(1,5);(3,8);(4,8);(6,7);(9,10);(10,11)",GlobalDistortion,1,1,1,1,0,0,4
324,324,8 6 11 7 10 5 3 2 4 9 1,"(1,3);(1,4);(1,5);(3,8);(4,8);(5,6);(7,8);(9,10);(10,11)",GlobalDistortion,1,1,1,1,0,0,4
325,325,11 9 7 1 10 5 6 3 2 4 8,"(6,7);(8,9);(10,11)",BlockReorderExtreme,0,0,1,0,1,0,2
326,326,5 11 10 3 6 9 8 1 7 2 4,"(1,3);(1,5);(4,8);(7,8);(8,9);(9,10);(10,11)",GlobalDistortion,1,1,1,1,0,0,4
327,327,11 7 4 10 6 3 5 8 9 2 1,"(1,3);(1,4);(1,5);(5,6);(6,7);(9,10);(10,11)",GlobalDistortion,1,1,1,1,0,0,4
328,328,7 3 2 11 10 8 9 4 5 1 6,"(1,3);(1,4);(1,5);(4,8);(6,7);(9,10);(10,11)",GlobalDistortion,1,1,1,1,0,0,4
329,329,6 11 4 5 9 3 2 10 8 7 1,"(1,3);(1,4);(1,5);(5,6);(7,8);(8,9);(10,11)",GlobalDistortion,1,1,1,1,0,0,4
330,330,7 11 4 3 9 2 8 6 5 10 1,"(1,3);(1,4);(1,5);(5,6);(6,7);(8,9);(10,11)",GlobalDistortion,1,1,1,1,0,0,4
331,331,9 8 11 1 5 3 4 10 2 7 6,"(3,8);(4,8);(6,7);(7,8);(8,9);(10,11)",GlobalDistortion,1,0,1,0,1,0,3
332,332,3 10 1 11 9 6 8 4 7 5 2,"(1,3);(4,8);(5,6);(7,8);(8,9);(9,10)",GlobalDistortion,1,1,1,1,0,0,4
333,333,9 11 6 4 2 8 3 5 10 7 1,"(1,3);(1,4);(1,5);(3,8);(5,6);(7,8);(8,9);(10,11)",GlobalDistortion,1,1,1,1,0,0,4
334,334,7 5 3 11 9 6 8 4 2 10 1,"(1,3);(1,4);(1,5);(4,8);(6,7);(8,9);(10,11)",GlobalDistortion,1,1,1,1,0,0,4
335,335,3 10 9 11 7 1 2 8 5 6 4,"(1,3);(4,8);(6,7);(8,9);(9,10)",GlobalDistortion,1,1,1,1,0,0,4
336,336,11 5 8 10 2 7 1 6 4 9 3,"(1,5);(3,8);(4,8);(6,7);(7,8);(9,10);(10,11)",GlobalDistortion,1,1,1,1,0,0,4
337,337,9 6 8 10 4 7 3 5 11 2 1,"(1,3);(1,4);(1,5);(3,8);(4,8);(5,6);(7,8);(8,9)",GlobalDistortion,1,1,1,0,0,0,3
338,338,3 11 9 7 6 10 8 1 5 4 2,"(1,3);(4,8);(5,6);(6,7);(8,9);(10,11)",GlobalDistortion,1,1,1,1,0,0,4
339,339,10 9 5 11 3 7 6 1 4 8 2,"(1,3);(1,5);(6,7);(8,9);(9,10)",GlobalDistortion,1,1,1,1,0,0,4
340,340,11 10 9 1 5 7 4 6 2 3 8,"(6,7);(8,9);(9,10);(10,11)",GlobalDistortion,1,0,1,0,1,0,3
341,341,7 10 8 1 3 11 5 9 4 6 2,"(3,8);(4,8);(6,7);(9,10)",GlobalDistortion,1,0,1,0,1,0,3
342,342,5 11 10 7 3 4 8 2 1 9 6,"(1,3);(1,4);(1,5);(6,7);(9,10);(10,11)",GlobalDistortion,1,1,1,1,0,0,4
343,343,10 9 11 1 2 8 4 7 3 5 6,"(3,8);(4,8);(6,7);(7,8);(8,9);(9,10)",GlobalDistortion,1,0,1,0,1,0,3
344,344,9 7 3 5 10 8 11 1 6 4 2,"(1,3);(1,5);(4,8);(6,7);(8,9)",GlobalDistortion,1,1,1,0,0,0,3
345,345,9 6 11 3 7 1 5 8 2 10 4,"(1,3);(4,8);(5,6);(8,9);(10,11)",GlobalDistortion,1,1,1,1,0,0,4
346,346,9 7 3 10 4 8 6 5 11 2 1,"(1,3);(1,4);(1,5);(5,6);(6,7);(8,9)",GlobalDistortion,1,1,1,0,0,0,3
347,347,8 11 7 3 10 5 1 2 9 6 4,"(1,3);(1,5);(3,8);(4,8);(6,7);(7,8);(9,10);(10,11)",GlobalDistortion,1,1,1,1,0,0,4
348,348,10 1 11 5 8 9 7 3 4 2 6,"(3,8);(4,8);(6,7);(7,8);(9,10)",GlobalDistortion,1,0,1,0,1,0,3
349,349,10 6 11 9 3 8 2 5 7 1 4,"(1,3);(1,5);(4,8);(5,6);(7,8);(8,9);(9,10)",GlobalDistortion,1,1,1,1,0,0,4
350,350,10 9 11 8 2 6 3 7 4 1 5,"(1,3);(1,4);(3,8);(4,8);(5,6);(7,8);(8,9);(9,10)",GlobalDistortion,1,1,1,1,0,0,4
351,351,3 8 10 6 7 9 2 5 4 11 1,"(1,3);(1,4);(1,5);(4,8);(5,6);(7,8);(9,10)",GlobalDistortion,1,1,1,1,0,0,4
352,352,11 9 5 3 8 10 7 1 6 4 2,"(1,3);(1,5);(4,8);(6,7);(7,8);(8,9);(10,11)",GlobalDistortion,1,1,1,1,0,0,4
353,353,9 6 11 3 10 7 5 1 4 2 8,"(1,3);(1,5);(5,6);(8,9);(10,11)",GlobalDistortion,1,1,1,1,0,0,4
354,354,11 7 9 5 3 8 2 6 1 4 10,"(1,3);(1,5);(4,8);(6,7);(8,9);(10,11)",GlobalDistortion,1,1,1,1,0,0,4
355,355,10 7 3 5 9 8 11 6 1 4 2,"(1,3);(1,5);(4,8);(6,7);(8,9);(9,10)",GlobalDistortion,1,1,1,1,0,0,4
356,356,4 1 6 11 10 9 3 8 7 5 2,"(1,4);(5,6);(7,8);(8,9);(9,10);(10,11)",GlobalDistortion,1,1,1,1,0,0,4
357,357,2 7 11 10 9 6 5 4 3 8 1,"(1,3);(1,4);(1,5);(5,6);(6,7);(8,9);(9,10);(10,11)",GlobalDistortion,1,1,1,1,0,0,4
358,358,10 5 3 11 4 6 9 7 8 2 1,"(1,3);(1,4);(1,5);(8,9);(9,10)",GlobalDistortion,1,1,1,1,0,0,4
359,359,9 7 11 10 8 3 2 1 5 6 4,"(1,3);(3,8);(4,8);(6,7);(8,9);(10,11)",GlobalDistortion,1,1,1,1,0,0,4
360,360,11 3 10 9 8 5 2 1 6 4 7,"(1,3);(1,5);(4,8);(7,8);(8,9);(9,10);(10,11)",GlobalDistortion,1,1,1,1,0,0,4
361,361,2 9 7 10 6 11 4 8 1 3 5,"(1,4);(3,8);(5,6);(6,7);(8,9)",GlobalDistortion,1,1,1,0,0,0,3
362,362,4 6 10 9 8 3 7 2 11 1 5,"(1,3);(1,4);(3,8);(5,6);(7,8);(8,9);(9,10)",GlobalDistortion,1,1,1,1,0,0,4
363,363,5 10 9 11 3 1 7 4 8 2 6,"(1,3);(1,5);(6,7);(8,9);(9,10)",GlobalDistortion,1,1,1,1,0,0,4
364,364,6 4 3 11 10 8 9 7 1 5 2,"(1,3);(1,4);(5,6);(7,8);(9,10);(10,11)",GlobalDistortion,1,1,1,1,0,0,4
365,365,2 10 7 11 5 9 4 3 6 8 1,"(1,3);(1,4);(1,5);(6,7);(8,9);(9,10)",GlobalDistortion,1,1,1,1,0,0,4
366,366,11 7 5 2 9 3 6 10 1 4 8,"(1,3);(1,5);(6,7);(8,9);(10,11)",GlobalDistortion,1,1,1,1,0,0,4
367,367,6 4 8 10 7 5 11 1 3 2 9,"(1,4);(1,5);(3,8);(5,6);(7,8);(9,10)",GlobalDistortion,1,1,1,1,0,0,4
368,368,7 10 2 8 11 6 9 4 3 5 1,"(1,3);(1,4);(1,5);(3,8);(4,8);(5,6);(6,7);(9,10)",GlobalDistortion,1,1,1,1,0,0,4
369,369,10 3 7 9 5 8 11 6 2 1 4,"(1,3);(1,5);(4,8);(6,7);(8,9);(9,10)",GlobalDistortion,1,1,1,1,0,0,4
370,370,4 9 10 3 1 11 6 8 7 5 2,"(1,3);(1,4);(5,6);(7,8);(8,9)",GlobalDistortion,1,1,1,0,0,0,3
371,371,11 8 10 6 4 3 5 1 2 9 7,"(1,3);(1,4);(1,5);(3,8);(4,8);(5,6);(7,8);(9,10);(10,11)",GlobalDistortion,1,1,1,1,0,0,4
372,372,9 1 11 7 10 3 5 8 6 4 2,"(4,8);(6,7);(8,9);(10,11)",GlobalDistortion,1,0,1,0,1,0,3
373,373,4 9 11 8 3 7 6 2 5 1 10,"(1,3);(1,4);(1,5);(3,8);(5,6);(6,7);(7,8);(8,9);(10,11)",GlobalDistortion,1,1,1,1,0,0,4
374,374,10 1 8 7 11 5 3 6 4 9 2,"(3,8);(4,8);(6,7);(7,8);(9,10)",GlobalDistortion,1,0,1,0,1,0,3
375,375,10 6 7 3 5 9 2 11 1 8 4,"(1,3);(1,5);(4,8);(5,6);(8,9);(9,10)",GlobalDistortion,1,1,1,1,0,0,4
376,376,2 11 10 5 9 6 4 8 3 7 1,"(1,3);(1,4);(1,5);(3,8);(7,8);(8,9);(9,10);(10,11)",GlobalDistortion,1,1,1,1,0,0,4
377,377,7 10 9 5 1 11 2 6 8 4 3,"(1,5);(3,8);(4,8);(6,7);(8,9);(9,10)",GlobalDistortion,1,1,1,1,0,0,4
378,378,8 9 5 11 3 6 4 1 2 10 7,"(1,3);(1,4);(1,5);(3,8);(4,8);(7,8);(10,11)",GlobalDistortion,1,1,1,1,0,0,4
379,379,10 8 3 5 9 7 6 2 1 11 4,"(1,3);(1,5);(3,8);(4,8);(6,7);(7,8);(9,10)",GlobalDistortion,1,1,1,1,0,0,4
380,380,3 10 9 2 6 11 8 4 1 7 5,"(1,3);(1,4);(4,8);(5,6);(7,8);(8,9);(9,10)",GlobalDistortion,1,1,1,1,0,0,4
381,381,7 9 5 2 6 11 10 4 3 1 8,"(1,3);(1,4);(1,5);(6,7);(8,9);(10,11)",GlobalDistortion,1,1,1,1,0,0,4
382,382,8 4 10 6 11 9 3 2 1 5 7,"(1,3);(1,4);(3,8);(4,8);(5,6);(7,8);(9,10)",GlobalDistortion,1,1,1,1,0,0,4
383,383,4 9 11 7 5 10 6 3 2 1 8,"(1,3);(1,4);(1,5);(6,7);(8,9);(10,11)",GlobalDistortion,1,1,1,1,0,0,4
384,384,7 8 11 5 9 1 3 4 10 2 6,"(1,5);(3,8);(4,8);(6,7);(10,11)",GlobalDistortion,1,1,1,1,0,0,4
385,385,11 7 4 8 2 10 3 9 1 5 6,"(1,3);(1,4);(3,8);(6,7);(9,10);(10,11)",GlobalDistortion,1,1,1,1,0,0,4
386,386,3 10 9 8 7 4 11 5 2 6 1,"(1,3);(1,4);(1,5);(4,8);(6,7);(7,8);(8,9);(9,10)",GlobalDistortion,1,1,1,1,0,0,4
387,387,7 9 1 11 8 4 2 10 6 3 5,"(3,8);(4,8);(5,6);(6,7);(8,9);(10,11)",GlobalDistortion,1,0,1,0,1,0,3
388,388,3 7 6 10 9 4 2 11 8 5 1,"(1,3);(1,4);(1,5);(5,6);(6,7);(8,9);(9,10)",GlobalDistortion,1,1,1,1,0,0,4
389,389,3 10 2 9 8 11 6 4 7 5 1,"(1,3);(1,4);(1,5);(4,8);(5,6);(7,8);(8,9);(9,10)",GlobalDistortion,1,1,1,1,0,0,4
390,390,7 5 11 10 4 9 8 3 1 6 2,"(1,3);(1,4);(1,5);(3,8);(6,7);(8,9);(9,10);(10,11)",GlobalDistortion,1,1,1,1,0,0,4
391,391,1 9 11 6 7 3 10 2 8 5 4,"(4,8);(5,6);(8,9);(10,11)",GlobalDistortion,1,0,1,0,1,0,3
392,392,7 9 1 3 11 6 5 8 10 4 2,"(4,8);(5,6);(6,7);(8,9);(10,11)",GlobalDistortion,1,0,1,0,1,0,3
393,393,10 4 8 1 11 7 6 3 2 9 5,"(1,4);(3,8);(5,6);(6,7);(7,8);(9,10)",GlobalDistortion,1,1,1,1,0,0,4
394,394,9 3 11 10 5 7 2 6 8 4 1,"(1,3);(1,4);(1,5);(4,8);(6,7);(8,9);(10,11)",GlobalDistortion,1,1,1,1,0,0,4
395,395,11 3 10 8 7 6 1 2 5 9 4,"(1,3);(4,8);(5,6);(6,7);(7,8);(9,10);(10,11)",GlobalDistortion,1,1,1,1,0,0,4
396,396,9 7 11 3 4 5 8 2 6 10 1,"(1,3);(1,4);(1,5);(6,7);(8,9);(10,11)",GlobalDistortion,1,1,1,1,0,0,4
397,397,5 7 11 8 9 6 3 4 2 1 10,"(1,3);(1,4);(1,5);(3,8);(4,8);(6,7);(10,11)",GlobalDistortion,1,1,1,1,0,0,4
398,398,11 9 1 5 7 10 6 3 2 4 8,"(6,7);(8,9);(10,11)",BlockReorderExtreme,0,0,1,0,1,0,2
399,399,2 8 10 9 7 4 6 3 5 11 1,"(1,3);(1,4);(1,5);(3,8);(4,8);(5,6);(6,7);(7,8);(9,10)",GlobalDistortion,1,1,1,1,0,0,4
400,400,1 8 9 6 10 5 11 7 2 3 4,"(3,8);(4,8);(5,6);(7,8)",GlobalDistortion,1,0,1,0,1,0,3
401,401,3 6 7 11 5 2 4 8 10 9 1,"(1,3);(1,4);(1,5);(5,6);(9,10);(10,11)",GlobalDistortion,1,1,1,1,0,0,4
402,402,6 10 7 8 5 4 1 2 3 9 11,"(1,4);(1,5);(3,8);(4,8);(5,6);(9,10)",GlobalDistortion,1,1,1,1,0,0,4
403,403,5 6 9 10 3 2 11 8 7 1 4,"(1,3);(1,5);(4,8);(7,8);(8,9)",GlobalDistortion,1,1,1,0,0,0,3
404,404,4 6 1 3 9 8 5 10 2 11 7,"(1,4);(5,6);(7,8);(8,9)",GlobalDistortion,1,1,1,0,0,0,3
405,405,11 3 1 9 8 4 5 10 2 6 7,"(1,3);(4,8);(7,8);(8,9);(10,11)",GlobalDistortion,1,1,1,1,0,0,4
406,406,7 6 8 4 5 3 2 9 10 1 11,"(1,3);(1,4);(1,5);(3,8);(4,8);(5,6);(6,7)",GlobalDistortion,1,1,1,0,0,0,3
407,407,10 11 6 4 3 8 9 7 2 5 1,"(1,3);(1,4);(1,5);(5,6);(7,8);(9,10)",GlobalDistortion,1,1,1,1,0,0,4
408,408,8 9 10 11 3 2 1 5 7 4 6,"(1,3);(3,8);(4,8);(6,7);(7,8)",GlobalDistortion,1,1,1,0,0,0,3
409,409,5 3 1 8 10 2 7 4 6 11 9,"(1,3);(1,5);(4,8);(6,7);(7,8);(9,10)",GlobalDistortion,1,1,1,1,0,0,4
410,410,5 10 8 3 9 1 11 4 2 6 7,"(1,3);(1,5);(3,8);(4,8);(7,8);(9,10)",GlobalDistortion,1,1,1,1,0,0,4
411,411,5 3 11 7 10 1 2 6 8 9 4,"(1,3);(1,5);(4,8);(6,7);(9,10);(10,11)",GlobalDistortion,1,1,1,1,0,0,4
412,412,10 4 3 9 11 1 8 2 5 6 7,"(1,3);(1,4);(7,8);(8,9);(9,10)",GlobalDistortion,1,1,1,1,0,0,4
413,413,3 9 1 8 5 4 6 2 7 10 11,"(1,3);(4,8);(7,8);(8,9)",GlobalDistortion,1,1,1,0,0,0,3
414,414,11 4 5 8 9 3 1 6 2 10 7,"(1,3);(1,4);(1,5);(3,8);(7,8);(10,11)",GlobalDistortion,1,1,1,1,0,0,4
415,415,9 8 4 7 3 5 6 11 2 1 10,"(1,3);(1,4);(1,5);(3,8);(4,8);(6,7);(7,8);(8,9);(10,11)",GlobalDistortion,1,1,1,1,0,0,4
416,416,6 7 10 8 11 3 5 2 4 1 9,"(1,3);(1,4);(1,5);(3,8);(4,8);(5,6);(9,10)",GlobalDistortion,1,1,1,1,0,0,4
417,417,5 4 7 6 2 3 10 11 9 1 8,"(1,3);(1,4);(1,5);(6,7);(8,9);(9,10)",GlobalDistortion,1,1,1,1,0,0,4
418,418,9 10 4 8 3 2 5 1 6 7 11,"(1,3);(1,4);(1,5);(3,8);(7,8);(8,9)",GlobalDistortion,1,1,1,0,0,0,3
419,419,4 11 5 9 10 8 6 1 3 7 2,"(1,4);(1,5);(3,8);(7,8);(8,9);(10,11)",GlobalDistortion,1,1,1,1,0,0,4
420,420,3 5 4 11 2 9 10 1 8 6 7,"(1,3);(1,4);(1,5);(7,8);(8,9);(10,11)",GlobalDistortion,1,1,1,1,0,0,4
421,421,6 2 11 8 9 3 4 1 7 5 10,"(1,3);(1,4);(3,8);(4,8);(5,6);(7,8);(10,11)",GlobalDistortion,1,1,1,1,0,0,4
422,422,1 9 10 6 2 5 4 8 3 11 7,"(3,8);(5,6);(7,8);(8,9)",GlobalDistortion,1,0,1,0,1,0,3
423,423,3 8 1 5 10 4 9 2 7 11 6,"(1,3);(4,8);(6,7);(7,8);(9,10)",GlobalDistortion,1,1,1,1,0,0,4
424,424,10 1 3 5 7 2 4 6 8 11 9,"(6,7);(9,10)",BlockReorderExtreme,0,0,1,0,1,0,2
425,425,7 2 5 8 9 3 10 11 1 4 6,"(1,3);(1,5);(3,8);(4,8);(6,7)",GlobalDistortion,1,1,1,0,0,0,3
426,426,10 8 2 3 1 7 5 9 6 11 4,"(1,3);(3,8);(4,8);(6,7);(7,8);(9,10)",GlobalDistortion,1,1,1,1,0,0,4
427,427,4 9 3 1 5 6 10 7 11 2 8,"(1,3);(1,4);(8,9)",FrontEndMove,0,1,1,0,0,0,2
428,428,8 1 11 4 5 2 7 10 9 3 6,"(3,8);(4,8);(6,7);(7,8);(9,10);(10,11)",GlobalDistortion,1,0,1,0,1,0,3
429,429,5 3 2 1 9 6 8 10 4 7 11,"(1,3);(1,5);(4,8);(7,8);(8,9)",GlobalDistortion,1,1,1,0,0,0,3
430,430,4 8 1 7 9 10 3 11 2 5 6,"(1,4);(3,8);(6,7);(7,8)",GlobalDistortion,1,1,1,0,0,0,3
431,431,5 11 1 3 4 7 9 10 8 2 6,"(1,5);(6,7);(8,9);(10,11)",GlobalDistortion,1,1,1,1,0,0,4
432,432,11 2 1 3 9 10 4 8 6 7 5,"(5,6);(7,8);(8,9);(10,11)",GlobalDistortion,1,0,1,0,1,0,3
433,433,1 6 4 3 10 9 5 8 2 11 7,"(5,6);(7,8);(8,9);(9,10)",GlobalDistortion,1,0,1,0,1,0,3
434,434,4 5 8 1 9 3 10 11 6 2 7,"(1,4);(1,5);(3,8);(7,8)",GlobalDistortion,1,1,1,0,0,0,3
435,435,11 4 7 8 3 9 2 10 5 6 1,"(1,3);(1,4);(1,5);(3,8);(6,7);(10,11)",GlobalDistortion,1,1,1,1,0,0,4
436,436,10 1 3 4 8 6 5 7 2 11 9,"(5,6);(7,8);(9,10)",BlockReorderExtreme,0,0,1,0,1,0,2
437,437,9 10 5 6 4 8 11 2 1 3 7,"(1,4);(1,5);(3,8);(7,8);(8,9)",GlobalDistortion,1,1,1,0,0,0,3
438,438,11 3 10 9 5 6 4 8 7 1 2,"(1,3);(1,4);(1,5);(7,8);(8,9);(9,10);(10,11)",GlobalDistortion,1,1,1,1,0,0,4
439,439,3 6 5 1 7 9 4 10 11 8 2,"(1,3);(1,5);(5,6);(8,9)",GlobalDistortion,1,1,1,0,0,0,3
440,440,9 10 11 7 1 3 2 4 6 5 8,"(5,6);(6,7);(8,9)",BlockReorderExtreme,0,0,1,0,1,0,2
441,441,2 9 6 3 8 10 11 1 4 5 7,"(1,3);(4,8);(5,6);(7,8);(8,9)",GlobalDistortion,1,1,1,0,0,0,3
442,442,10 3 7 8 11 6 4 5 2 1 9,"(1,3);(1,4);(1,5);(4,8);(5,6);(6,7);(9,10)",GlobalDistortion,1,1,1,1,0,0,4
443,443,2 11 3 6 7 8 10 9 4 1 5,"(1,3);(1,4);(4,8);(5,6);(9,10);(10,11)",GlobalDistortion,1,1,1,1,0,0,4
444,444,3 4 9 10 7 8 2 6 5 11 1,"(1,3);(1,4);(1,5);(5,6);(6,7);(8,9)",GlobalDistortion,1,1,1,0,0,0,3
445,445,3 4 8 10 11 5 7 9 2 1 6,"(1,3);(1,4);(1,5);(6,7);(7,8);(9,10)",GlobalDistortion,1,1,1,1,0,0,4
446,446,8 3 1 9 7 5 4 11 2 10 6,"(1,3);(3,8);(4,8);(6,7);(7,8);(10,11)",GlobalDistortion,1,1,1,1,0,0,4
447,447,6 4 5 8 3 9 7 1 2 11 10,"(1,3);(1,4);(1,5);(3,8);(5,6);(7,8);(10,11)",GlobalDistortion,1,1,1,1,0,0,4
448,448,1 4 2 8 6 9 3 10 5 11 7,"(3,8);(5,6);(7,8)",BlockReorderExtreme,0,0,1,0,1,0,2
449,449,2 11 8 7 5 6 9 10 3 1 4,"(1,3);(1,5);(3,8);(4,8);(6,7);(7,8);(10,11)",GlobalDistortion,1,1,1,1,0,0,4
450,450,5 9 3 4 7 8 2 11 6 10 1,"(1,3);(1,4);(1,5);(6,7);(8,9);(10,11)",GlobalDistortion,1,1,1,1,0,0,4
451,451,1 9 10 4 11 7 3 8 5 6 2,"(6,7);(8,9)",BlockReorderExtreme,0,0,1,0,1,0,2
452,452,10 3 4 9 11 6 8 2 5 7 1,"(1,3);(1,4);(1,5);(5,6);(7,8);(8,9);(9,10)",GlobalDistortion,1,1,1,1,0,0,4
453,453,9 6 8 3 10 7 2 4 5 11 1,"(1,3);(1,4);(1,5);(3,8);(4,8);(5,6);(7,8);(8,9)",GlobalDistortion,1,1,1,0,0,0,3
454,454,10 5 1 9 4 8 3 6 11 7 2,"(1,5);(3,8);(7,8);(8,9);(9,10)",GlobalDistortion,1,1,1,1,0,0,4
455,455,8 1 10 11 6 4 5 3 9 7 2,"(3,8);(4,8);(5,6);(7,8);(9,10)",GlobalDistortion,1,0,1,0,1,0,3
456,456,3 10 11 5 6 2 1 4 9 8 7,"(1,3);(1,5);(7,8);(8,9);(9,10)",GlobalDistortion,1,1,1,1,0,0,4
457,457,9 5 8 7 2 3 10 11 1 4 6,"(1,3);(1,5);(3,8);(4,8);(6,7);(7,8);(8,9)",GlobalDistortion,1,1,1,0,0,0,3
458,458,10 5 1 8 4 3 6 7 2 9 11,"(1,5);(3,8);(4,8);(7,8);(9,10)",GlobalDistortion,1,1,1,1,0,0,4
459,459,11 3 5 9 4 6 2 7 8 1 10,"(1,3);(1,4);(1,5);(8,9);(10,11)",GlobalDistortion,1,1,1,1,0,0,4
460,460,11 9 3 6 7 5 1 2 4 10 8,"(1,3);(1,5);(5,6);(8,9);(10,11)",GlobalDistortion,1,1,1,1,0,0,4
461,461,6 7 2 11 10 9 3 4 8 5 1,"(1,3);(1,4);(1,5);(5,6);(8,9);(9,10);(10,11)",GlobalDistortion,1,1,1,1,0,0,4
462,462,5 4 3 7 8 11 1 9 10 6 2,"(1,3);(1,4);(1,5);(6,7);(10,11)",GlobalDistortion,1,1,1,1,0,0,4
463,463,9 8 6 4 10 11 1 7 5 3 2,"(1,4);(3,8);(4,8);(5,6);(7,8);(8,9)",GlobalDistortion,1,1,1,0,0,0,3
464,464,3 8 9 10 11 7 1 4 5 2 6,"(1,3);(4,8);(6,7);(7,8)",GlobalDistortion,1,1,1,0,0,0,3
465,465,5 6 9 11 1 8 2 3 4 10 7,"(1,5);(3,8);(4,8);(7,8);(8,9);(10,11)",GlobalDistortion,1,1,1,1,0,0,4
466,466,10 7 8 2 5 6 1 3 9 4 11,"(1,5);(3,8);(4,8);(6,7);(9,10)",GlobalDistortion,1,1,1,1,0,0,4
467,467,11 10 4 5 6 1 7 9 3 8 2,"(1,4);(1,5);(8,9);(9,10);(10,11)",GlobalDistortion,1,1,1,1,0,0,4
468,468,5 11 3 9 10 8 2 6 7 4 1,"(1,3);(1,4);(1,5);(4,8);(7,8);(8,9);(10,11)",GlobalDistortion,1,1,1,1,0,0,4
469,469,5 4 1 6 3 9 2 7 10 11 8,"(1,4);(1,5);(8,9)",FrontEndMove,0,1,1,0,0,0,2
470,470,9 10 3 8 2 7 5 6 4 11 1,"(1,3);(1,4);(1,5);(4,8);(6,7);(7,8);(8,9)",GlobalDistortion,1,1,1,0,0,0,3
471,471,2 8 11 3 6 7 1 9 10 5 4,"(1,3);(3,8);(4,8);(5,6);(7,8);(10,11)",GlobalDistortion,1,1,1,1,0,0,4
472,472,6 3 1 10 7 9 5 11 8 2 4,"(1,3);(4,8);(5,6);(8,9);(9,10)",GlobalDistortion,1,1,1,1,0,0,4
473,473,10 5 1 9 4 3 6 2 11 8 7,"(1,5);(7,8);(8,9);(9,10)",GlobalDistortion,1,1,1,1,0,0,4
474,474,3 7 8 10 9 5 6 2 11 1 4,"(1,3);(1,5);(4,8);(6,7);(9,10)",GlobalDistortion,1,1,1,1,0,0,4
475,475,3 7 10 2 9 8 1 11 4 5 6,"(1,3);(4,8);(6,7);(8,9);(9,10)",GlobalDistortion,1,1,1,1,0,0,4
476,476,5 7 8 3 9 10 4 2 6 1 11,"(1,3);(1,4);(1,5);(3,8);(4,8);(6,7)",GlobalDistortion,1,1,1,0,0,0,3
477,477,1 9 3 6 8 2 4 11 10 7 5,"(4,8);(5,6);(7,8);(8,9);(10,11)",GlobalDistortion,1,0,1,0,1,0,3
478,478,5 6 7 3 9 11 10 4 2 1 8,"(1,3);(1,4);(1,5);(8,9);(10,11)",GlobalDistortion,1,1,1,1,0,0,4
479,479,11 5 8 9 6 3 1 2 7 4 10,"(1,3);(1,5);(3,8);(4,8);(7,8);(10,11)",GlobalDistortion,1,1,1,1,0,0,4
480,480,8 7 9 3 1 11 6 4 5 2 10,"(1,3);(3,8);(4,8);(5,6);(6,7);(7,8);(10,11)",GlobalDistortion,1,1,1,1,0,0,4
481,481,4 3 7 8 10 11 9 5 6 1 2,"(1,3);(1,4);(1,5);(6,7);(9,10)",GlobalDistortion,1,1,1,1,0,0,4
482,482,10 11 1 3 6 7 8 4 9 2 5,"(4,8);(5,6);(9,10)",BlockReorderExtreme,0,0,1,0,1,0,2
483,483,2 1 5 3 9 10 8 11 7 6 4,"(4,8);(6,7);(7,8);(8,9)",GlobalDistortion,1,0,1,0,1,0,3
484,484,8 1 3 9 2 7 6 5 4 10 11,"(3,8);(4,8);(5,6);(6,7);(7,8)",GlobalDistortion,1,0,1,0,1,0,3
485,485,6 4 5 11 3 9 8 2 10 1 7,"(1,3);(1,4);(1,5);(5,6);(7,8);(8,9);(10,11)",GlobalDistortion,1,1,1,1,0,0,4
486,486,2 7 8 11 9 3 1 10 6 4 5,"(1,3);(3,8);(4,8);(5,6);(6,7);(10,11)",GlobalDistortion,1,1,1,1,0,0,4
487,487,4 10 11 9 8 3 2 7 5 1 6,"(1,3);(1,4);(1,5);(3,8);(6,7);(7,8);(8,9);(9,10)",GlobalDistortion,1,1,1,1,0,0,4
488,488,11 8 10 7 4 3 9 1 2 5 6,"(1,3);(1,4);(3,8);(4,8);(6,7);(7,8);(9,10);(10,11)",GlobalDistortion,1,1,1,1,0,0,4
489,489,8 5 6 3 7 9 10 2 1 4 11,"(1,3);(1,5);(3,8);(4,8);(7,8)",GlobalDistortion,1,1,1,0,0,0,3
490,490,10 7 8 11 4 2 3 1 6 9 5,"(1,3);(1,4);(3,8);(4,8);(5,6);(6,7);(9,10)",GlobalDistortion,1,1,1,1,0,0,4
491,491,8 1 10 4 6 7 2 9 3 11 5,"(3,8);(4,8);(5,6);(7,8);(9,10)",GlobalDistortion,1,0,1,0,1,0,3
492,492,6 8 9 1 10 2 7 3 5 11 4,"(3,8);(4,8);(5,6);(7,8)",GlobalDistortion,1,0,1,0,1,0,3
493,493,10 11 3 1 7 8 6 9 4 2 5,"(1,3);(4,8);(5,6);(6,7);(9,10)",GlobalDistortion,1,1,1,1,0,0,4
494,494,9 8 5 6 1 2 3 4 7 11 10,"(1,5);(3,8);(4,8);(7,8);(8,9);(10,11)",GlobalDistortion,1,1,1,1,0,0,4
495,495,4 5 6 2 8 10 3 11 9 7 1,"(1,3);(1,4);(1,5);(3,8);(7,8);(9,10)",GlobalDistortion,1,1,1,1,0,0,4
496,496,6 11 3 9 10 2 7 5 8 4 1,"(1,3);(1,4);(1,5);(4,8);(5,6);(8,9);(10,11)",GlobalDistortion,1,1,1,1,0,0,4
497,497,5 8 9 7 4 6 11 2 10 3 1,"(1,3);(1,4);(1,5);(3,8);(4,8);(6,7);(7,8);(10,11)",GlobalDistortion,1,1,1,1,0,0,4
498,498,3 8 7 9 10 11 6 4 1 2 5,"(1,3);(1,4);(4,8);(5,6);(6,7);(7,8)",GlobalDistortion,1,1,1,0,0,0,3
499,499,11 7 8 6 10 5 9 4 2 3 1,"(1,3);(1,4);(1,5);(3,8);(4,8);(5,6);(6,7);(9,10);(10,11)",GlobalDistortion,1,1,1,1,0,0,4
509,509,9 1 2 3 4 5 6 7 8 10 11,"(8,9)",BlockReorderExtreme,0,0,1,0,1,0,2
513,513,1 9 2 3 4 5 6 7 8 10 11,"(8,9)",BlockReorderExtreme,0,0,1,0,1,0,2
514,514,8 1 2 3 4 5 6 7 9 10 11,"(3,8);(4,8);(7,8)",BlockReorderExtreme,0,0,1,0,1,0,2
517,517,1 2 3 5 6 7 8 9 10 11 4,"(4,8)",BlockReorderExtreme,0,0,1,0,1,0,2
518,518,1 2 9 3 4 5 6 7 8 10 11,"(8,9)",BlockReorderExtreme,0,0,1,0,1,0,2
519,519,1 8 2 3 4 5 6 7 9 10 11,"(3,8);(4,8);(7,8)",BlockReorderExtreme,0,0,1,0,1,0,2
